student_id,age,study_hours,previous_gpa,extracurricular_activities,gender,family_income,final_grade
1,21,11.777955682783428,2.2337960814167284,5,Male,42542.04267790888,24.456987063888633
2,18,15.40390914407701,3.87966424722695,0,Female,105380.4997831185,52.25639487097253
3,19,34.045466860674274,3.2554161061428357,5,Male,40512.194248577085,60.340614444177305
4,21,12.676880206251106,2.6698112293141723,5,Female,107482.79053595719,38.96007160734901
5,17,6.7797098674436995,2.2785441453267747,0,Male,185653.4926194934,19.47279616972722
6,22,22.272050498334007,3.5880503785405917,5,Female,113738.26553015829,49.690598858127565
7,19,37.44619096643124,3.240145511857027,3,Male,130969.95084111503,62.44490046473624
8,19,27.84119186699892,3.0669221839526433,3,Male,48194.918655285495,66.58079957859292
9,21,22.802446803574597,3.7877851661019153,3,Male,27872.412658394507,47.22694531781448
10,16,3.8870597508307414,3.5771944224490615,0,Female,39945.433192365264,46.294305161220294
11,17,24.60028906796679,2.3033497594655024,5,Male,127735.68362318582,46.6784473294816
12,21,39.60215400417053,2.6234441355910967,0,Female,37102.105818614844,37.911468368098596
13,17,5.603360609460961,2.4969782796289315,3,Female,87678.72018943605,45.59224628163461
14,17,20.73318609454947,3.487892585145354,5,Male,119016.54928246808,34.59367205789381
15,22,35.094922877118215,2.067064869471559,5,Male,89957.50375337247,46.30796528360445
16,19,29.630744710168177,3.139779369742633,4,Male,49463.08426375427,49.266363847981076
17,18,27.88062963981072,3.524917371481381,4,Female,69282.43535253918,49.74524413470077
18,22,28.09936335948437,3.7535312735234987,1,Male,187097.15591274385,77.0533272294636
19,22,14.379646048790207,2.6841634974318147,2,Female,141676.80960554397,31.018905645445237
20,17,11.743673770579734,3.6425146093440257,4,Female,109288.61096237958,39.123527051444036
21,20,32.374446219140545,2.2212634739104145,0,Male,22288.68019764083,51.714645922652366
22,19,32.404535787167234,3.692904583469036,4,Male,198634.77208810463,60.74935150914181
23,16,34.68289274320415,2.254977324663965,1,Male,140861.8882810358,52.71220882782726
24,22,36.529622102258855,2.7945745811207345,5,Male,77046.0459220901,47.379250685747905
25,18,20.453695954437514,3.5945907315591072,1,Male,178268.35879961087,49.34218146293146
26,20,20.060651787487984,2.2998348546975476,5,Male,66517.69165252725,52.038030570665214
27,20,31.931807158671006,2.4585027904652828,5,Female,117922.98425289529,32.191390688181365
28,16,25.998557231110606,3.4445051367861326,2,Female,134492.7374713685,46.41555954250003
29,22,28.078675090308135,3.4400730730921487,4,Female,59791.40686167112,56.422608990330005
30,18,31.83170677744404,3.2822952657705944,0,Male,196111.51018410726,46.78019784554958
31,19,35.60021367270265,3.3878968889342,0,Female,154674.54307621956,45.97761693286297
32,15,13.519806274061432,3.0854488866951923,3,Female,120406.3805919926,43.79923713184787
33,18,15.02331810559776,2.5035981178139055,5,Female,52507.027671554155,45.90569689585287
34,16,3.75927759363476,2.691391987007839,0,Female,29694.4772596447,27.3852150388372
35,20,23.13120563984696,2.3631954336028516,2,Female,77610.76985377702,33.511660947844504
36,19,1.4376909518696834,3.8169011226672565,5,Male,155573.7204644125,32.4109764457731
37,18,18.623920725298404,3.166783589532241,2,Male,68479.63369436451,38.02002782391427
38,15,21.705785388303063,2.80170283352728,0,Female,117120.11968919092,49.70598182772619
39,15,11.461650085131376,2.924011607288265,0,Female,151030.49181153375,35.78156982238491
40,17,23.63333042276043,3.8945666792236304,3,Female,39429.86863636358,42.71242539431364
41,17,1.2200099975619771,2.3067028062321606,0,Male,143353.6429008572,26.300656864339217
42,21,1.4939275499685767,3.1724596640335943,5,Male,36536.75978780804,42.983500525180645
43,16,32.904022426386334,3.011777357768932,5,Female,193723.3535828594,40.9509281554082
44,22,14.407625656450517,3.222908470869296,5,Male,107910.94341168912,26.146845340962585
45,18,5.082420506075391,2.036220367641681,3,Male,47121.69938777793,44.81166552818202
46,18,20.889730402192175,3.744247817888303,3,Female,81629.05448603837,34.10204987954664
47,22,30.799742123944434,3.864236564967225,0,Male,94414.96087314707,50.45201107308661
48,21,8.632841099873726,3.130266367178418,1,Male,156473.30199377672,37.94036934030774
49,20,24.91561903276001,3.3933016477537845,1,Female,153816.28149378966,43.66654898147494
50,20,3.41389859975072,3.8449987623545914,3,Male,130149.29096071959,39.40782847687109
51,21,2.067268846744308,3.414477268626797,0,Male,39067.528260528736,40.94678878838606
52,20,21.25418526272592,2.305078085828523,1,Female,47282.48688578124,9.760656912520258
53,17,21.62540486440426,3.1525767203336263,0,Male,36876.245716200196,29.66952492029988
54,18,25.497196059928264,3.213430092765712,0,Male,123891.10099175901,45.32549281832454
55,21,29.04365334890646,2.848261342604772,0,Female,177884.91947205272,38.96226998076485
56,18,39.03408317850138,3.472888471249446,4,Female,98084.09220585892,55.540038884501136
57,22,20.65201393204781,3.8687340295380297,5,Female,48952.67131239432,51.28988008771724
58,15,12.918258917649839,3.8511370258135527,0,Male,120447.61852681407,23.811299762250524
59,17,31.807447790748146,2.901678742808264,4,Female,166115.39903582778,57.65691464497318
60,19,10.833290050482969,2.2264760916815103,3,Male,153508.17107232742,22.69872711105309
61,17,17.558856828225444,3.969682397924669,1,Female,178661.14034150384,39.82112054559934
62,21,3.1382552536906383,3.677796172891868,5,Male,70022.37750479621,40.4306423153568
63,19,1.0140297366183004,2.249325362406534,1,Female,54911.696108199474,24.07187077019692
64,15,38.505936587117006,3.8416837652347446,5,Female,178366.96746954898,69.63671412245233
65,21,33.439204820488236,3.7397927241242566,1,Female,138360.85630004416,56.83626127918684
66,16,27.83896824374792,3.037676114252144,5,Female,75967.20740135974,55.8773537446384
67,18,16.358117776570793,3.1825508714898585,1,Male,153622.64910305166,30.62279384890693
68,15,6.931772802833831,2.7980054077402605,1,Female,166721.30920646622,32.86455103089452
69,18,6.257481706843442,2.1095232776440627,1,Female,130696.08326140382,13.076496556613453
70,20,10.009715926583812,2.670394483291802,1,Male,143819.1397783847,32.685561351812716
71,16,21.969066588244818,3.605706897196023,3,Female,87546.78279967993,45.89872271006378
72,16,28.583836908002493,2.0092640460092057,0,Male,116965.22012174703,32.81158466208427
73,15,26.40789506870925,2.6669983433822884,2,Female,114348.65073070921,38.38865544456118
74,16,11.197355877837714,2.796337387181887,4,Female,172648.60240353894,40.92594651258369
75,19,38.19461122652776,3.0747912058758455,2,Female,171193.51645079287,33.771621101996544
76,16,29.51587666783074,3.839711232825521,2,Male,169882.4844824678,44.15717203432885
77,18,22.174162100456027,2.6926919887319225,5,Female,21985.690567243844,37.608282670095484
78,18,24.46882984937409,2.6939064037924556,0,Female,154918.18720439987,27.3868480678991
79,21,16.784002497111597,3.4750024962194965,5,Female,156561.75021998087,43.603167272761205
80,18,9.909239580046298,2.904435881779614,0,Male,142108.1881139255,33.490453395408544
81,21,14.238907146050463,2.449209645879964,0,Male,156127.63842046147,17.57398358129904
82,18,30.313844418574764,2.904879032265387,1,Female,171554.66686940758,29.674061069398476
83,19,0.5757395451902347,2.2817140407595997,3,Male,104657.42973832141,0.0
84,22,4.642905620276649,2.3527739730124466,1,Female,110369.03842792049,13.642492043443662
85,21,1.84010568087011,2.9967355454789595,3,Female,42448.530244050286,31.030640877330647
86,17,1.6291520927588055,2.837850899009096,5,Female,89367.65894852513,30.75496326587914
87,20,34.21842336044029,3.8296918021362,3,Female,135805.73238412116,57.42512529786665
88,15,28.146314375200948,2.7247877982332662,5,Female,160471.9597065094,33.541847043259324
89,18,18.96695316349301,3.161176700556087,2,Female,59097.6375844179,40.912208747092485
90,16,3.913366426040059,3.2645285758390608,2,Female,44808.12184866237,38.574415063825164
91,22,19.664635004673293,2.026188913176667,3,Male,139347.5608100886,17.41385113909179
92,18,18.938870831222626,3.327074744033421,3,Male,20338.379034483914,43.97347359985093
93,16,6.928074796400607,2.3560719337395026,5,Male,52107.06517531937,33.58956885394625
94,20,17.35406596951892,3.92214063493891,1,Male,25232.84846191167,42.990718035919755
95,20,15.940189375894938,2.297325455506226,5,Male,50039.32121387677,41.56569254650576
96,20,24.63400392208866,2.8292482474540472,1,Male,52637.47038659094,35.935140997335104
97,16,25.40374603470575,2.1706993361572877,2,Male,89781.24705507095,25.808257827695
98,18,1.8121603908817807,3.9937485036918945,0,Female,92418.88244358008,46.41197701788904
99,20,14.984504585058849,3.004390020662485,3,Female,177367.2447098428,57.869090193818835
100,19,25.034396628569453,3.190770034640088,1,Female,111819.74824978854,45.278434849563695
101,21,20.125450343203507,2.134152954776855,5,Female,150212.85781021154,37.753332760507504
102,16,34.25959364753289,3.4999209407983556,2,Male,38744.724425651744,47.04183402077156
103,16,26.3477452647578,2.4198111861911715,1,Male,60578.975983464894,24.95582229633034
104,18,6.517377083257188,3.7961085788814275,5,Female,146529.81937616182,42.882430789450204
105,16,2.8227498960171937,2.4102792809640143,3,Female,29504.71288433506,28.75816747552785
106,16,25.696771128252625,2.381375441327333,3,Male,107587.57920387556,33.083029073588015
107,20,1.0604524216648725,2.07309933569619,4,Female,127886.4138193281,27.571784748009392
108,18,23.43102325093853,2.9441338902199985,0,Female,128386.2159294466,34.61605042952605
109,20,37.6092096569983,3.129682266525233,4,Female,24127.906028247566,41.08056483523406
110,21,23.01896711503516,2.1314172788567047,2,Female,77979.44076125338,43.43008565094628
111,22,15.526797048260876,3.551055233390021,1,Male,134568.31718884772,53.92742712344695
112,21,25.731528737694127,2.9065776694960554,2,Female,46819.95250686382,35.58811000545083
113,22,18.330115619660667,3.0487805386551603,5,Female,145174.81669904958,56.84136810043016
114,20,21.8246715726374,2.881525493876456,3,Male,154266.5375864614,36.85652379978077
115,21,37.658592351061,2.801526121750652,4,Male,196754.45428030615,47.69238603947661
116,18,15.44410551203097,3.1192806626164358,4,Female,57771.559074153694,38.068333963695565
117,15,38.44762255295657,2.310480491861425,4,Male,168523.52017990075,47.56621836954933
118,20,36.21402567824255,2.3638562609905422,2,Female,113653.38384535773,44.45979038703612
119,22,7.831645391571858,3.7235712420270346,3,Female,87223.26730595122,43.73115673187285
120,19,2.774452035006618,3.8922309242672655,1,Male,42027.81631853203,30.1139189429771
121,22,4.031120055097066,2.746618632559506,5,Female,152391.00916775677,12.596123185246746
122,19,0.7288730260619891,2.5414893462871078,1,Female,62454.36784586368,37.20093025843069
123,16,3.777718430237136,3.2879990864780315,2,Female,86855.96033714824,29.314390090501448
124,21,27.320270936654275,2.817468342196193,5,Female,31257.60084152632,41.34448515595429
125,19,2.8475459384091595,2.0507727113206897,4,Male,164246.04484751343,25.19948918130929
126,22,12.759025211750451,2.3123051947323807,0,Male,157985.9343148958,45.79266058669172
127,16,33.79501243877818,3.431944457694795,2,Female,152050.84940761625,52.83053004276213
128,15,0.9308774294330346,3.3178478838203027,2,Male,73899.8318885396,29.695941923678575
129,18,32.578739303557434,2.054191985006967,3,Female,51226.4133678723,31.595845688979814
130,18,11.274190990935997,2.4439443238658987,1,Female,134759.58760464136,29.702970321707603
131,18,4.72659310486625,2.462149593176143,2,Female,109309.9491403795,17.891144787788427
132,19,27.869486614566025,3.343785487197457,2,Female,52085.44404283549,47.66135541074769
133,15,25.15771387119536,2.039421075508728,4,Female,143464.02878897547,32.45287080610482
134,19,35.09888054108212,2.208217163969148,4,Male,198402.75772783466,56.04688139667405
135,21,29.40284175215543,3.599832170746379,5,Female,154499.52579356678,49.8637311976323
136,19,32.13923721539394,2.3570893241086672,0,Male,153197.54960341012,20.395630238295148
137,15,11.28138290285226,3.305492215703749,3,Male,191056.2955275065,65.43072331242841
138,15,7.097581751188913,2.476365562093453,0,Female,56528.546163482395,37.88078380808995
139,21,30.024590065634335,2.1988827855186903,5,Female,121798.99368585927,57.82461032895992
140,15,32.27338957069056,2.486344381998908,4,Female,196336.40870609903,29.426938735489514
141,22,39.620205680026935,3.4445338637113183,1,Female,49752.939974631416,52.03717366456373
142,15,16.50470707645706,3.7113929362125715,4,Female,146045.35270001378,52.11029531529744
143,18,14.880723431711328,3.660439729133983,3,Male,125445.82627494234,49.40867273004009
144,22,31.056518429679873,2.79436705923691,4,Female,125566.23659396726,46.541306880804555
145,22,13.632141610120714,3.3361702731412923,3,Female,145580.71295361352,18.18166635146774
146,21,37.23029302414259,2.409968590831642,3,Male,187331.04611762316,25.590437844744578
147,17,34.336510073720476,2.5862954605220265,3,Male,160864.74917324082,58.20641073271922
148,17,17.159761095000732,3.7926716370422398,5,Female,30104.4986149178,63.45989224661966
149,15,30.034842711659895,2.026003847021472,3,Male,173491.04357762804,34.21094691168071
150,22,30.181714963387293,2.171017061708936,3,Female,60597.43938663187,50.70530284284683
151,17,4.124954753437304,2.4157725102920544,1,Male,87844.54965254695,15.987924818206217
152,17,36.102116267182666,2.053064407747639,0,Male,103111.9064502288,30.637441676380917
153,15,20.210094897914285,2.3628708701795946,2,Female,106563.08013555253,22.710952932121593
154,17,33.058298644309666,3.1660831219393843,0,Male,98332.47186596422,39.69078508466222
155,19,12.80198404122447,2.8428491011849957,3,Male,188723.5929588556,42.05644312768838
156,16,35.82092913984802,3.7853434221539497,1,Male,147083.42137952443,47.14037506082906
157,21,15.568067149366524,3.634887123476882,4,Male,133610.71627220715,66.53033520873073
158,16,0.4335060592119344,2.683634703395752,1,Male,28971.56500092948,31.653806127037868
159,15,36.21527905677055,2.518846866862585,3,Male,182704.39944686744,54.14137866196201
160,18,3.6514670714453423,2.759384816334534,1,Female,183690.23456151132,34.31898752706874
161,21,12.772545503616595,3.1805898850296153,1,Female,160438.35141741842,50.33486810669724
162,15,38.0024786820322,2.5361272816457525,3,Male,21265.25668645145,35.68251216208815
163,22,38.024285877502244,3.248297815698268,5,Female,30310.445193972206,65.96445647772939
164,18,22.937515524931445,2.818823304382481,1,Female,60540.266408328156,41.0663796622049
165,16,25.27348848679197,3.1040943617039605,2,Female,43642.8934660832,55.77034897012298
166,15,17.93782087913279,2.8722530582706334,2,Male,91790.4853466713,23.295800488510885
167,22,11.728430867922581,2.588931519083835,1,Female,186072.15045580213,33.559362690883276
168,21,13.146581814796638,3.8969066139243136,5,Male,104970.8781554597,46.99474421445811
169,21,26.900738243081538,3.5272115883195214,4,Female,22412.47275778981,42.530120354941566
170,20,30.0949811775072,2.280226351532905,3,Male,70894.22412417716,40.98094240155529
171,22,31.66316174903394,3.7369359517958256,2,Male,28027.083507133077,68.59700887249038
172,19,31.584725711782156,2.9748623964990273,4,Female,26531.772070430387,38.57946323125014
173,17,3.6482441219476147,3.789104453788183,1,Female,69629.5735571994,49.33371016090503
174,18,19.776812188103257,3.5997105118946306,4,Male,69610.22096221018,34.61128065153286
175,22,2.3023504006657713,2.8504270089384667,0,Female,161682.78846828872,50.74989123614215
176,20,21.98115529294942,2.044938616640235,2,Female,195470.23750060014,39.285966997244145
177,17,17.66122005493508,2.537354718769892,1,Female,86817.2769001997,51.45533053775218
178,17,35.50816731033199,3.083268429321734,3,Male,97199.63819498695,55.307373139321015
179,15,14.036600502083147,3.2669564396522945,5,Male,172062.09853148385,43.59399642485813
180,17,4.6826806571042345,2.515775370866405,1,Female,68265.0236171924,35.42842344207534
181,19,5.719667282113434,2.2787121481456483,3,Female,48148.72479262063,24.282480488971483
182,21,30.46042526869889,3.6698604735985985,5,Female,173556.13221265707,35.7504783147522
183,20,24.728722532650444,3.9688043614071042,5,Male,28370.10555921179,56.526398345064194
184,17,4.04490704491161,3.0513803646053717,1,Male,131545.89923589485,24.981223822511975
185,15,3.3642722445998974,2.3433585716966068,4,Female,121158.71254402521,14.099102685471992
186,19,28.038765258364798,2.544614653038738,4,Female,82265.68055030497,45.82846084395588
187,16,2.910520254567741,2.0367813530949332,5,Female,76734.11379752462,19.031988909236265
188,21,32.87440237161425,3.828597613120998,4,Female,158934.39071269182,65.000221383074
189,21,28.24968908625985,2.2355021657802823,0,Female,35556.42993725836,28.590458513342043
190,20,3.2539512256759906,3.153032951028507,5,Female,62621.175676049366,28.449015357984802
191,21,3.3935085634076767,2.548110441374412,5,Male,151840.77173085616,38.6808189584619
192,17,39.465583140047016,3.108356005031587,3,Female,118697.70507075636,53.61477823031546
193,15,14.970831830244812,3.3028407767037287,4,Male,43037.87753604555,25.740543273098297
194,21,14.825685882675636,3.659483607414403,5,Female,178784.41057077082,46.58528784408295
195,21,32.5119826903001,2.412842543521206,0,Female,90820.61238144648,55.19680226625015
196,16,37.88994309535435,2.0219916573169607,3,Male,169016.30755799112,34.37911367463211
197,16,39.44004255291483,2.2737712601376145,1,Male,161788.34279498755,48.438310842362654
198,18,30.135127410357665,3.80003728369621,5,Male,132396.58036491106,44.57406739058189
199,19,15.050383421236631,3.7477801551250307,0,Male,109006.60363311674,43.63516051217434
200,17,3.3400286679467506,3.1948262043406164,2,Female,196319.15126871623,44.51663174188387
201,21,31.08587663709747,3.201033720867307,0,Male,46093.71302836707,49.74559220477154
202,22,22.3361699894322,3.330073349092511,0,Female,150528.03095920067,57.36151711279757
203,21,16.968880369879052,2.350742557246899,3,Male,54414.32626366202,36.24488979968714
204,15,36.25417540378944,3.8288238918499196,1,Female,80887.35895982271,78.60272339240234
205,18,4.447899292246054,2.8375410497841465,2,Female,75565.77380717514,14.9502264517718
206,19,19.705004171634364,2.766277056498995,4,Female,190466.47779297014,35.34333915019749
207,22,0.45414579069676275,3.037835410565675,4,Female,194124.11200188953,19.760089068084618
208,18,18.74642567976505,2.09393193355011,0,Female,52942.77996225089,20.15004043080113
209,20,2.252131027273494,2.332566737512159,3,Female,23966.328853550753,14.37989595069794
210,19,4.752716650722877,3.476067232852741,3,Male,149601.44713936036,38.81428887440105
211,21,4.701049871084195,2.165597335850253,4,Female,95238.18809668718,26.269507642263296
212,21,25.968412084642544,3.206304218932776,2,Male,35991.24411576159,49.321807481600196
213,19,29.841795170616933,2.490698219362642,1,Male,143075.73900386767,28.597274177489368
214,21,23.334750603886384,2.778591228083953,2,Female,118118.99508692595,36.21103939279982
215,17,38.486901938981674,2.5773874735413997,5,Male,196493.02796019908,35.37437930734115
216,19,14.994823180948163,2.7113454329298983,5,Female,60933.709255048205,43.969681482490216
217,18,11.42848345127443,3.438091810368491,1,Male,92716.01773877868,31.392484327512392
218,19,34.74396512757841,2.5942434312463503,4,Female,117658.24461117612,41.17729535629389
219,22,8.943833540778105,3.1328092805937944,1,Male,162505.9979216033,41.40307398955805
220,21,38.52890157762445,2.9521008043981993,3,Female,118790.95820961057,42.629172087818574
221,17,0.48617898759265366,3.3273423307252963,5,Female,130322.02895515086,40.45529725085583
222,17,38.79515306830556,3.873659478649516,0,Female,60706.469286189335,74.09496867597943
223,20,1.7263964780230445,3.4651441944205006,0,Female,172445.37105594078,37.411757470471784
224,18,35.645724547922846,2.4298807571815138,4,Male,97153.49845468564,51.137778991460635
225,16,21.108044363451995,2.0623662701225696,3,Female,45372.73295391847,10.443475993587867
226,16,39.718591844772014,2.5245280885996504,2,Male,139553.8246109751,40.814057539904006
227,19,2.9518625894159545,3.19015586140051,3,Male,58896.28157335535,35.22649807800284
228,20,22.15417137605283,2.1028516269685005,0,Male,37561.25184307395,21.575951173708354
229,15,38.77210142476396,2.992732494402473,0,Female,175157.64351276902,51.389869010447626
230,19,20.923913766805953,3.1936856978337786,5,Male,102829.20760791915,52.99821942233227
231,20,25.1759455254105,2.668487781633922,3,Male,154871.06828523974,20.477244298944246
232,18,27.829947559384685,3.541824407491644,3,Male,72305.76076514392,37.442489196570314
233,18,18.18164259071093,2.2131965062675434,0,Female,161654.62428517995,33.070919065672754
234,18,25.102323203362538,2.1502755634716175,2,Female,40148.46686387546,38.65811453079792
235,18,23.37257247692401,3.4563775124072067,4,Male,84075.20728307348,53.63086511163058
236,18,36.04632041963956,2.990982632412397,4,Female,196051.12723523512,49.041881322821425
237,20,1.8178552136583148,3.376804792855472,3,Female,162918.1489462411,39.29209958554197
238,20,11.238527583689212,2.8696546772074925,4,Male,109506.06745664387,43.35061764932634
239,17,38.01645936306235,2.4928040664782136,0,Male,81159.94488113932,39.791689328610055
240,22,35.61055135563665,3.6382046353483997,0,Female,176984.4260040458,48.10146117123812
241,16,18.22627011142852,3.5988317579379583,3,Male,118072.59663521282,43.41638632574516
242,21,24.80530391206147,3.3893929417088535,3,Female,156516.50321644,48.2914607958934
243,18,11.095247319245306,2.544290274459925,5,Female,155739.38245690952,24.40779197220872
244,15,7.524846388950452,3.180461333738174,3,Female,23230.22214232853,31.62946336712485
245,21,18.547936197599284,2.7219477938800534,2,Female,42725.68090267042,40.47046374267314
246,20,14.134089121042113,2.1831641466532683,4,Female,138733.2859510536,30.476193837350895
247,15,23.346244474034883,3.8346271509244856,3,Female,49091.56603145686,48.16602251810471
248,15,3.1093854785993935,2.273637261837923,1,Male,65988.80203800884,6.880372257052432
249,15,38.97579230664666,3.900474707641605,5,Male,190394.83175592928,58.457563309653985
250,17,39.44842977918412,2.8920115459159117,1,Female,120832.80650748414,38.944290673660745
251,20,27.926468560789807,2.3702658576772393,0,Female,155131.3112598825,47.49671990922629
252,15,21.443854653764816,3.083801894756716,4,Female,120436.53298087517,38.472734741664496
253,18,12.38110465145311,3.7458916717528163,3,Male,119452.45066089054,33.68714848102952
254,19,32.551800788277944,3.4644497728191226,1,Female,36947.343822625626,50.30496538352971
255,15,27.389246902155172,3.6131222957228992,4,Male,81859.37466963855,62.53284225922849
256,17,6.504677573795652,3.317566733421435,0,Female,70837.5617635721,42.73616461255837
257,21,36.4370873797537,3.384553129035705,2,Female,90331.10581045039,54.26324648629324
258,20,32.90148971692676,3.698391303130639,5,Male,163701.9538803791,40.1737072993012
259,22,37.99199653167696,2.499336017718372,4,Male,86947.88022503567,60.20535944068541
260,17,29.0287803355344,2.978849927286281,4,Female,101305.42746170289,38.08661770027098
261,15,24.536607837431596,2.4424188836392045,2,Female,91528.65028735697,46.03033188383127
262,20,16.729721451624755,3.9753360159932942,4,Female,36813.43495555321,44.864592102231164
263,19,37.309139334160534,3.8881186793732265,0,Male,99392.98848514108,65.91083518564493
264,15,34.642555580016335,2.078853622737012,0,Male,55209.669148012705,51.178554976131025
265,17,1.8087468042475763,3.411150345031377,2,Male,53610.19323914746,41.497249551512894
266,16,1.0546789798900802,3.8504966348313316,5,Male,36926.498798167944,46.590855435857755
267,18,15.058534675121983,2.361150690254667,3,Male,84200.77534551764,30.15638437855134
268,22,32.422133231273314,3.1358904611052587,1,Male,156346.73926209513,43.23030980596114
269,21,39.49104517259778,3.8309765951760837,3,Female,69759.5043050113,59.43827543591783
270,17,6.016675644141127,2.0678919571715975,4,Female,76222.83833939245,20.28811233609437
271,20,23.765228614085405,3.39484053449368,1,Male,135681.43838103625,70.50305676010441
272,22,15.235634265240861,2.5946980147451013,2,Female,55251.3462656454,23.64121441516631
273,22,38.79657591258413,3.8487923907530606,2,Female,181452.4274762362,67.90706402972677
274,22,33.684756925428346,3.9421164903307355,5,Male,113634.2941852798,61.435511711411664
275,15,33.533148188445516,3.888532978226868,1,Female,100568.52925763905,57.95062595773082
276,18,18.74772639179881,2.9484284333149278,0,Male,120407.63454725625,53.657008528187085
277,15,16.592780093506608,3.7240853019786266,1,Male,49886.176414915186,48.52101759255136
278,20,10.93628287722825,3.689098797070141,4,Female,130425.16495505173,36.010060211891386
279,15,2.2550198660370846,2.6382009464865113,0,Male,85358.13259412188,30.426823170417737
280,16,34.588895050202126,3.6578309483013545,2,Male,181493.5413736314,52.040974319062315
281,18,32.516040365203104,2.0740152694309852,1,Male,50393.757201983506,42.03101956507789
282,18,39.98870693144522,3.192539756964106,3,Male,111269.19869577939,60.05048735165866
283,20,39.86547348295622,2.460017674575406,5,Male,127660.27328642324,35.94203406359147
284,21,22.217268224105098,2.2411337715545576,3,Male,26009.04832154862,45.47333300762628
285,16,30.75949660722042,2.1539064032584183,5,Male,85464.76245610524,34.3698138875098
286,17,37.79062919529712,3.3925775517562795,4,Male,151874.3422461499,57.25722934203315
287,15,33.98589562709646,2.6797499275361325,3,Female,167667.9513408152,49.96074879211652
288,19,9.893924069727905,3.449533543057523,1,Female,76369.15906711083,43.11618437174548
289,15,18.02176541240374,2.1307126815978847,1,Female,163746.78902889523,29.226924345655025
290,22,5.166376606059799,2.6305806756612204,3,Male,194196.05787860998,24.003019239715464
291,15,38.16204109034889,3.0789825847506744,1,Male,174237.30849351693,47.180901319647774
292,17,24.246985378035202,3.5814463296779273,4,Female,41175.91786867853,63.58967531108564
293,15,9.14571222013851,2.63750500586414,0,Female,153151.45977539732,22.28924179742006
294,16,26.86802737623427,3.251782752874018,4,Female,77540.02983929805,38.759407837227656
295,16,24.725129618315833,3.7719554964723745,5,Male,197914.87809417376,42.45063154244451
296,18,14.326508721313619,3.231726376364609,4,Female,107364.61696877968,40.83805692347955
297,20,4.542303687985161,2.4659189495072678,5,Female,42038.101704609384,11.683286839187199
298,21,26.862927823711985,2.0488015631130763,1,Male,150533.39864493033,20.383880981642825
299,19,20.812308036151734,3.7401977478018598,0,Female,78142.01570951848,45.198583166501884
300,22,30.892735669425573,2.0425388217007745,1,Male,199474.0682746991,22.994001598738155
301,15,20.806540044479735,3.749403345368399,2,Male,196360.84241381395,35.83459038309584
302,15,34.0872600127416,3.057874268054424,1,Male,138104.12324370453,34.81968859328565
303,17,22.076273550979423,3.878135397025792,5,Female,43368.76081130916,41.35337365441435
304,20,22.43751886141545,3.5975664715473306,1,Female,143634.97958150523,54.5068892128851
305,16,35.0661441063338,3.995868221066675,1,Male,36745.4875628049,67.04883382504448
306,19,16.139314648495883,2.7014236309034203,0,Female,25285.548638430617,54.273902565468205
307,18,5.360609138025629,3.534376577862254,1,Female,168132.5203198675,56.84768893277014
308,16,1.151307052533559,2.8038618272184843,0,Female,57755.530583062646,36.477398897256094
309,22,30.20549022694476,2.959751240607818,3,Female,88224.88271943753,54.97703426756088
310,20,24.812382054138588,3.25501092643674,2,Male,195222.33019571117,46.267321198295875
311,22,28.163190723968942,3.7473542283726777,0,Female,80631.29033499859,56.75378616583394
312,21,8.518566460356428,3.96816693839859,5,Male,73368.16063099675,63.37698309599581
313,18,5.4548590234707905,3.5365468277290364,3,Male,185277.43993209954,41.80502646959406
314,21,0.5817866267152771,2.8355335643346677,0,Female,39934.72015741246,40.17861474215671
315,17,14.023502352263879,2.84271400455414,0,Male,156724.83382063374,26.095375135888226
316,22,23.596707474185322,3.4751646031777828,2,Female,197851.8019974993,39.88761252628821
317,17,15.689761803989292,2.4775542915366047,5,Female,182233.2819394368,35.74111979531036
318,15,17.498996880949164,2.2209482262627893,4,Male,137300.22536715667,32.45829740373639
319,21,36.166347779749934,2.709244315281553,4,Male,76530.94309869176,38.97627516864153
320,20,13.930218680932015,2.5744779833081637,0,Male,65777.95661209701,56.78366501285983
321,22,20.559579566392433,2.59261624091198,1,Male,167465.918876863,37.931893231464684
322,19,31.346120509645722,2.46721550209982,5,Female,178367.94451130516,35.917964753974445
323,18,15.861711292850806,2.0841863792727238,3,Female,114578.28425822471,30.288907712758945
324,16,24.88346800911494,2.0357478694668276,1,Female,63981.189341563906,33.05347972534209
325,20,34.49454834986981,3.9754447794720633,1,Male,40329.777514011235,58.87974744856642
326,20,37.98082494630569,2.8555462674717247,5,Male,35692.30420972961,31.608704994359762
327,17,5.8829392371615175,2.768653294319363,0,Male,149433.940523694,43.54746952744305
328,21,37.06350500645978,3.35929456538614,0,Female,95621.37101259049,65.6129923614828
329,22,19.684651723181528,2.4365077757301283,0,Male,182964.77737001667,48.9106113392569
330,22,10.329775531958333,3.8999223679004507,0,Female,153140.83413081747,47.41842903034665
331,15,18.36543024953045,3.5726900288311043,4,Male,54426.875224625604,51.534426014721426
332,15,39.201303011419085,2.178822004624519,0,Female,130479.93538682582,32.726602071882226
333,18,19.704723759714785,2.8351615515698567,4,Female,98390.98179166869,46.532970681529854
334,17,13.150064411500328,3.7582366151243294,4,Male,123904.95153835036,46.675275425932846
335,20,25.33603417266903,3.8894640445828204,0,Male,152852.4422009331,46.9585913757703
336,22,9.605824751127724,2.9348030224997395,2,Female,165115.25858068233,42.798389516969664
337,19,3.0345331243465568,3.2268227784214156,3,Female,171872.71875321036,42.81998470729843
338,17,5.155188876425969,2.3340678921841507,1,Male,65715.47742296445,26.52436171680382
339,18,5.121833558310898,3.982337252273953,4,Male,25600.807985124382,46.768115103179014
340,18,6.076107740491774,2.4633434027668866,5,Female,153073.05232965917,17.354317778579144
341,17,5.553086905976405,3.885463548270251,5,Male,39141.87072603943,54.0630133078343
342,18,25.634989792128586,3.299293297984737,3,Female,76685.52595033418,36.82229599556264
343,17,7.275203375965793,3.2154735897577185,5,Female,20687.084142382486,28.73808110476832
344,16,13.826691332954528,3.025377022033017,2,Male,142700.5068322916,37.7902723411128
345,17,35.87153639624047,2.461339623435517,5,Male,50083.76206481982,53.694327274660004
346,21,18.958465610514892,2.3530560640110165,1,Male,137950.8337444985,44.14927977752422
347,17,26.702309540841085,2.4409724181403507,1,Male,198513.671090211,37.712632732772754
348,18,6.8927948480651935,2.3728765242885093,4,Male,33080.75688980293,34.905296289455805
349,22,7.691560752346831,3.5591689471335064,0,Female,33874.042151262925,22.54688535421952
350,21,1.6347446506591545,2.70025051833346,2,Female,81268.41668000148,20.62667760736865
351,18,6.757402522886582,2.1156853531267927,4,Male,175949.57256524157,17.546050398075206
352,15,11.143613561278345,3.938205260281623,2,Male,58795.37638243973,57.47598848105358
353,15,7.080419371069873,3.7675717699268514,0,Male,84868.00758746256,47.762469013883525
354,22,3.5481013502822245,3.855504566390426,5,Female,32330.973192856323,42.175624098091376
355,22,4.825434844024032,3.989815645292871,5,Male,157367.9524266001,45.128224513234464
356,21,18.43115072130903,2.3477904984389744,0,Male,93495.1416967012,48.37687310534551
357,16,8.2533487362317,2.7924840378053175,4,Female,156664.77195095172,30.34971808110351
358,22,14.570794441923018,3.5164769514081824,0,Female,182649.4119824231,29.309493649702937
359,15,20.136690834194276,3.3920412361075845,3,Male,61897.366478231976,54.86070962212602
360,17,27.615793145174614,2.30779181267971,1,Male,165331.28546119123,38.70420507143502
361,18,1.5724855936439575,3.6316662499812358,4,Male,30636.90021408559,46.63962207829215
362,15,31.976415956361706,2.4488811436733213,2,Female,181792.52987244452,40.02937134104899
363,15,25.11601557963631,2.447635229645246,3,Male,137138.3385605745,28.647464849231685
364,16,3.2703612779548763,3.073948845786827,4,Male,177360.8103449033,36.40288630767547
365,21,34.94314496427109,3.185879869683406,0,Male,20033.911920184742,49.43212188638391
366,21,36.83489602127253,3.160172415675622,0,Female,50434.59266407865,51.86859499613657
367,20,2.44311839419455,2.1829736747955097,0,Female,90156.68973676857,39.21700088622653
368,16,11.075105925888149,3.7549217252607607,0,Male,88310.52260744934,32.09974544170468
369,17,32.24805119172245,2.531200085177412,2,Male,60811.46892623192,44.29521305239517
370,21,29.930387615346334,2.2590298425656083,3,Female,88690.14917609602,29.36552533174248
371,18,7.380840774255093,3.7774961597379546,5,Female,43192.76816004587,15.55992225330651
372,22,8.373972933468412,3.911302996459507,1,Female,94297.00326788469,42.810364541107035
373,16,14.81888411165528,3.7242552345309012,2,Female,164423.77924866756,44.962223771134724
374,22,19.380919407640853,3.6190321494497564,2,Female,106232.61135860322,52.116002227825575
375,15,24.730190861211838,3.3104839612780435,5,Female,23240.016010138697,43.29452755754692
376,18,14.756545582790896,3.1017147412182786,5,Female,95859.92748426454,23.505416652338514
377,18,18.501388645325918,2.1739735198228205,1,Female,24891.50289635195,22.766113748342534
378,15,29.89883752535026,2.816906426141397,1,Female,193923.81392722367,56.28807139095614
379,16,1.467328115623916,2.745377034024628,5,Male,42941.71269611642,19.821155105151924
380,15,10.09747777376083,2.5195075675206526,0,Male,147383.89873951138,46.076069859012
381,22,28.533983435382098,3.44684022737717,2,Male,195099.73812057544,59.23523691717658
382,20,35.808273507487975,2.9917514701575416,4,Female,168687.02929998294,44.64384541195871
383,18,20.467097684626644,2.162092431815296,1,Male,145876.76752271666,24.563681529439293
384,19,21.284539410612627,2.4403664038996227,1,Female,171102.96371013805,45.525063435608324
385,19,4.286880453591042,3.366517527319192,5,Female,196723.76478691297,33.39950304905124
386,22,17.896494672938186,2.1522617189806006,3,Male,131842.00950563533,15.014363129275516
387,17,21.304690658200926,3.702413828097537,4,Female,120653.26522927877,53.29964981630842
388,21,9.698820145389186,2.9902930540279486,4,Male,133082.85988339066,38.92497509155594
389,15,10.769729237975238,2.961173154653296,1,Male,115881.6596170799,46.37365819266836
390,15,15.091366524184906,3.184815569319035,0,Male,134316.03906374937,42.88978894888577
391,17,0.8028479111090547,3.649361931850298,3,Female,100971.59743506067,31.403573503600335
392,17,12.883166623327131,2.695618415804386,4,Male,59319.77291899528,46.094555865728765
393,22,8.457920279861785,3.356032305118127,1,Female,41644.500772101615,51.459187517900595
394,22,13.099894087116585,3.1314639279915824,4,Male,32301.368395806872,40.19664596332619
395,17,4.790485272770049,2.5340565403388426,3,Male,67396.84107557601,28.33902718510317
396,18,35.6210912295958,3.757259972710316,3,Male,28302.24158043209,42.150435110850005
397,22,23.743698142161946,3.594852043213856,2,Female,122090.74038548941,41.74510607975477
398,20,27.164092765779586,3.3169036693168508,5,Female,71089.12046423365,54.35877949565184
399,22,31.566849544293532,3.701163458188484,5,Female,168416.2654556658,47.22225635040459
400,15,19.93768795716229,3.7345884019196047,1,Male,33363.35713790956,32.74634930384397
401,22,3.4768115234969477,3.4167259534300696,3,Male,60743.26898146747,70.86444319205017
402,18,21.484261672741912,3.674026656727344,2,Female,151444.30647622625,32.848337819377505
403,17,23.473644720835164,3.3949429233385673,2,Female,127785.49334902846,68.25376555814444
404,15,29.8175789673732,3.3602815435206006,4,Female,31608.428824850154,45.437370472910004
405,22,17.266381849187177,3.2372227564303686,4,Female,177903.10228919607,40.159788497459196
406,18,5.10321211182255,3.5054332791152825,2,Female,177907.1173087123,30.88315612518811
407,20,11.351036231948978,2.3172102105861474,4,Female,79473.4406976393,36.67599186921488
408,22,14.523291855945404,3.761741518397857,3,Male,81273.05180292165,30.481318980850425
409,18,25.83668965326405,3.743687055490464,0,Female,198025.1045030313,31.951925019194945
410,20,22.831132186756477,2.0584945660691183,3,Male,132711.71088676486,48.102227047855486
411,17,14.24386903591385,3.6516335011295253,2,Male,115636.97370225065,35.5985455411824
412,22,39.460609951719185,2.2577397349468904,2,Female,170867.3930393464,49.768583520725336
413,20,24.230992774275485,2.670237708518284,3,Female,71352.26090431697,27.963312703358426
414,15,9.48907166943978,3.4870165125832155,4,Male,97252.86681134424,46.69891138949787
415,17,4.07129890481615,2.321519792096616,4,Female,68199.80158790015,42.08631236115873
416,15,6.114365567373281,3.6359340482381244,5,Female,162048.95238597164,34.14530941191672
417,19,9.838309135380324,3.6642683559154836,2,Male,123202.88221433925,22.227427058985185
418,16,6.427254930382227,3.0149354675216724,1,Male,138588.5126252127,50.25092127350689
419,22,7.4626809620522305,2.0127717434336674,5,Male,65415.30497109318,33.121501130611705
420,20,11.403806747753883,2.5740762663498256,4,Female,59640.55424791672,26.706953699662115
421,16,6.934943811790193,3.2338538367514844,3,Male,107907.43321692897,33.62648974072348
422,16,35.870616985057005,3.962372356054847,4,Female,152761.83483670882,46.45251009058012
423,20,3.2093498264656883,3.2636270540333365,3,Male,114543.15635362883,48.443514777985804
424,17,20.980455582810187,2.5196071621283194,5,Male,25876.221958220347,30.339143334581834
425,22,16.41587307958646,3.2680114061992227,2,Male,176339.271137652,26.70096522631072
426,19,39.29514467634426,3.0799707594317107,4,Female,31643.640832723682,52.58373874761395
427,15,4.481556086722094,3.5596907903022874,3,Female,192048.4070697354,29.237552330598525
428,18,15.914223961829666,2.213961277653917,2,Male,24525.55248990909,19.796578998822923
429,15,38.77881733101476,3.5220558050040562,1,Male,145001.08210352756,50.30897467792849
430,18,34.62028503575921,3.0825331573522208,3,Male,34797.2714681207,48.99902724640552
431,15,32.6828828379712,3.9259840077179895,5,Female,183921.78429832513,41.79018393701803
432,20,10.316113081797592,2.683744332077372,1,Male,103597.9825205977,45.84698911379576
433,19,6.835503495602633,3.265243786267896,1,Female,44754.27946706277,42.84178673113815
434,22,26.74572879697724,3.864056211020035,0,Male,81346.82596217238,48.35979660096165
435,18,37.17503956510343,2.2050194559813585,4,Male,49668.44156241717,31.60427947939532
436,22,22.270515720557192,3.8744569744729023,3,Male,50704.7440802762,48.98757307584098
437,22,22.864507578795994,3.375771444601627,1,Male,190659.4976308596,54.18431864297148
438,22,11.199163746411367,2.1356741182103436,0,Male,100144.30021126187,34.40216332730591
439,21,30.779717327677474,2.6019271338936325,5,Male,161984.40750296472,51.99417300728684
440,17,7.481749942300935,3.416344177290563,2,Female,135129.00101198273,33.10054183425288
441,15,12.947169456169746,2.1347012029375434,3,Male,141756.7452209106,0.0
442,22,17.017457544656672,3.1643409203525463,1,Female,43704.81892496694,52.630249955016275
443,15,20.3044151473782,2.6917661139059135,4,Male,62153.20042678742,35.39790728202471
444,22,9.69638929660321,3.241831035534954,0,Male,161615.06032779865,43.92816565836777
445,18,4.593472989568141,2.091484067625026,1,Female,194737.91716546094,39.903864717437344
446,17,24.424801697665302,3.7430736123047526,4,Male,67281.61566775732,73.98722330425699
447,17,11.54522212961023,3.946977938354794,1,Female,68882.37765518719,38.74417566694484
448,20,23.24952885690449,3.937755710571383,3,Female,105121.48390596287,52.34192060582252
449,21,6.1745086109680924,3.4993036634858496,3,Male,197091.2563139788,51.748655546397
450,20,19.2456040741927,2.260172480261264,3,Female,68412.6102487648,23.78173665447903
451,20,21.303577302063434,3.5165263918580454,5,Female,93254.9437341675,39.995936631707885
452,20,2.0729414728970763,2.049173832917603,5,Male,180466.40281223122,15.64782328103582
453,20,13.464171127756824,2.0442471030579945,0,Female,20525.78587184516,26.893653460378136
454,20,5.37658707755897,2.6472204382990823,3,Male,27157.87369794252,26.959261118870607
455,19,2.5349988189107098,2.9772863808093315,4,Male,128732.90187281946,25.102409994985425
456,17,39.59840929559781,3.5408148356155866,1,Male,183328.42964831245,45.54977884789217
457,20,12.894153798988919,3.3665907532130106,2,Male,62994.19887234698,48.23238771557749
458,22,32.3949778341854,2.891805412753497,4,Female,104535.51944252761,58.493853254288844
459,17,10.185626190550554,2.547253332563332,5,Male,101083.7542984073,45.392494362632746
460,17,27.26010888895717,3.9942490003154223,5,Male,105134.84229719183,48.76180887378796
461,16,30.409114395587462,2.8523626044719457,4,Female,132053.54523135413,52.265429965085964
462,19,23.825549624313773,2.902774048659351,5,Male,104553.87733832307,43.303774326028154
463,20,18.863047542006335,2.3272476423833384,3,Male,100544.2654380424,26.9972867087033
464,15,16.473636565890743,3.5896190974998587,0,Female,105371.9156776269,51.47519144502592
465,18,13.954730661719811,3.387364451562977,1,Female,126356.13942878747,34.684959306034706
466,21,37.18116576991304,2.441539225577521,0,Female,116661.3479032445,39.244209112914845
467,22,33.22477631150917,2.1647620912316854,1,Female,173744.47957709077,24.49271204303514
468,15,38.601076426660505,3.360998604149426,1,Female,28909.43362885999,48.26831328049225
469,19,4.971888939421789,3.3090224285622707,0,Female,169997.07286514225,38.11478084547945
470,18,29.23469900814577,2.546519053996419,4,Female,171906.43027011032,55.771885000812034
471,19,37.533618272841515,3.9017271245008205,1,Male,71283.44387557295,54.249125919412094
472,22,7.249322646626406,2.3021157835618005,0,Female,103313.35190285312,16.26412768806187
473,17,2.6598506946711,2.864669602085204,1,Female,98936.92793673839,44.95031107752884
474,18,29.644825971602362,3.8872318403351978,2,Female,59331.77018374345,48.649207018310975
475,17,22.978924527196476,2.8394546338522444,4,Male,91423.43247553696,22.40019204071204
476,22,33.67315107033088,3.277051895328171,3,Male,27989.7989907538,50.93803183981499
477,15,5.59089506505158,2.7951887959255886,1,Female,70007.9731007122,27.499600758989924
478,22,31.81069247439561,2.5484304046973403,2,Female,167002.79158112925,64.39360671102293
479,15,8.065092801909781,3.9679552959196567,3,Female,71221.21431732156,48.46575970362358
480,18,6.54623771462818,2.818668012630086,3,Male,167277.20037468456,29.99637544706659
481,18,6.570631917239718,3.788198407358269,1,Male,115687.90362879756,31.922327939646514
482,20,32.58298880925528,2.4599092117821724,0,Female,178375.2819250088,44.192254934379044
483,19,26.607888827848004,2.4262094080501666,1,Male,123460.31976759473,52.13313799504361
484,20,20.922616990764773,2.062268165769023,2,Female,25340.28015165317,34.20213198784522
485,19,14.353219364940099,3.30333365075177,3,Male,141575.63735847606,31.735649268808295
486,20,35.08802163252433,2.7370526874475223,1,Male,28073.642244242357,50.30259980825693
487,17,15.697804296905415,3.7287164996792743,0,Female,101107.46341696412,44.649998196517295
488,18,32.66397757886308,2.9464198133831143,1,Female,187296.8050051605,50.2823179564443
489,15,17.565396342808736,3.9363868558294435,4,Female,49736.70908081303,44.5984932278566
490,19,15.077777176996303,2.3710510314062425,0,Female,90177.02352947794,27.466446159948458
491,22,18.507191426784257,3.7372463359112214,2,Male,151374.85559272612,42.44826109818655
492,19,12.055114966565682,3.5531937055834835,3,Male,178806.54009707258,50.98187605409129
493,15,29.904375207050045,3.541843689288104,1,Male,140769.74085365143,46.68837174399515
494,20,20.108815603699167,3.6895664562337753,0,Female,66471.18575441046,42.35276505044507
495,19,9.288507805872692,3.522047981885998,4,Male,141429.4135249189,30.444074706172664
496,21,35.982982930982736,3.2524406432628306,0,Female,73410.97539873619,55.05603591528735
497,17,15.355648854928457,2.262489755364775,5,Male,149317.26136737235,33.41974000242416
498,18,21.742114444559544,2.065052358982504,4,Female,191725.9629653073,27.0338985672185
499,15,36.25888443858188,3.8416956956313735,2,Female,149850.8211991319,49.452612100026066
500,18,24.969519836559684,3.233300629041476,3,Male,175318.49052423422,63.57950034097172
